{"oblivious_mean_gbps": 0.5959247596553559, "oblivious_stddev_gbps": 0.00045439799802173784, "dhr_mean_gbps": 0.6075617284105868, "dhr_stddev_gbps": 0.0004061988006877181}