{"oblivious_mean_gbps": 0.5439650974183655, "oblivious_stddev_gbps": 0.0004865371862052561, "dhr_mean_gbps": 0.6314998440735263, "dhr_stddev_gbps": 0.0005023549157456219}