{"oblivious_mean_gbps": 0.4231433114538601, "oblivious_stddev_gbps": 0.0005421260283079403, "dhr_mean_gbps": 0.49823221633941833, "dhr_stddev_gbps": 0.0007283975177856819}