{"oblivious_mean_gbps": 0.5165357326345692, "oblivious_stddev_gbps": 0.0005130025458583074, "dhr_mean_gbps": 0.5221644263900667, "dhr_stddev_gbps": 0.0004832537344109421}