{"oblivious_mean_gbps": 0.4785056694701767, "oblivious_stddev_gbps": 0.0006245184615389811, "dhr_mean_gbps": 0.5092434555279567, "dhr_stddev_gbps": 0.0003791849165322227}