{"oblivious_mean_gbps": 0.4412148940651495, "oblivious_stddev_gbps": 0.0004112866546891883, "dhr_mean_gbps": 0.5144853439445483, "dhr_stddev_gbps": 0.00044268488126973253}