{"oblivious_mean_gbps": 0.4847065614567983, "oblivious_stddev_gbps": 0.0005672870720840126, "dhr_mean_gbps": 0.5789715340176157, "dhr_stddev_gbps": 0.0004933999083745362}