{"oblivious_mean_gbps": 0.48681548382535345, "oblivious_stddev_gbps": 0.0012983074139511816, "dhr_mean_gbps": 0.5459082864594278, "dhr_stddev_gbps": 0.0004749434370455541}