{"oblivious_mean_gbps": 0.5658012244562944, "oblivious_stddev_gbps": 0.0026223471950403607, "dhr_mean_gbps": 0.6471697286695512, "dhr_stddev_gbps": 0.00045299225041209545}