{"oblivious_mean_gbps": 0.643292688039813, "oblivious_stddev_gbps": 0.0004748183408879165, "dhr_mean_gbps": 0.6726759289229303, "dhr_stddev_gbps": 0.00042314750533808807}